model,RMSE,MAE,MAPE
attention_model,402.05275422574323,276.36023912632635,14.495863176396234
