model,RMSE,MAE,MAPE
baseline_lstm,395.97211511754375,273.4615640442752,15.208281358866202
