model,RMSE,MAE,MAPE
baseline_lstm,395.97211511754375,273.4615640442752,15.208281358866202
attention_model,402.0527542257432,276.36023912632635,14.495863176396234
